#8FA9C2,   0.png
#8BA6C0,   1.png
#83A0BB,   2.png
#8AA5BF,   3.png
#89A5BF,   4.png
#89A4BE,   5.png
#8AA5BF,   6.png
#8CA7C0,   7.png
#84A1BC,   8.png
#8CA7C0,   9.png
#8CA6C0,  10.png
#323232,  11.png
#323232,  12.png
#D62E1D,  13.png
#D62F1E,  14.png
#343434,  15.png
#8BA5BC,  16.png
#95ACC1,  17.png
#95ACC1,  18.png
#95ADC5,  19.png
#95ADC5,  20.png
#96AFC6,  21.png
#96AFC6,  22.png
#91A9BF,  23.png
#91A9BF,  24.png
#A8A8A7,  25.png
#9E7F6F,  26.png
#96AEC5,  27.png
#96AEC5,  28.png
#99AFC3,  29.png
#98AEC2,  30.png
#95433B,  31.png
#A08273,  32.png
#54C0E2,  33.png
#3B3B3B,  34.png
#D9D9D9,  35.png
#8FA9C2,  36.png
#8FA9C2,  37.png
#D9D9D9,  38.png
#373737,  39.png
#D6D6D6,  40.png
#3C3C3C,  41.png
#F8BB38,  42.png
#D7DBE6,  43.png
#B5353B,  44.png
#747474,  45.png
#6C61D1,  46.png
#A19A91,  47.png
#D5AB86,  48.png
#F1BB41,  49.png
#B36CC8,  50.png
#B26EC7,  51.png
#B572C9,  52.png
#B16CC6,  53.png
#B471C9,  54.png
#B471C9,  55.png
#B677C9,  56.png
#B26CC8,  57.png
#B26BC7,  58.png
#B572C9,  59.png
#B270C7,  60.png
#B36DC8,  61.png
#313131,  62.png
#2C2C2C,  63.png
#D76556,  64.png
#D15241,  65.png
#D02E1E,  66.png
#329B41,  67.png
#448CE6,  68.png
#54718F,  69.png
#DBBD3B,  70.png
#FEBF45,  71.png
#D8D8D8,  72.png
#4B4B4B,  73.png
#858585,  74.png
#B7AEAD,  75.png
#AAA9B0,  76.png
#DBD1BF,  77.png
#B674CA,  78.png
#D5664F,  79.png
#999086,  80.png
#729D9A,  81.png
#7A7D1A,  82.png
#B8672F,  83.png
#6D7C58,  84.png
#93412D,  85.png
#B9807E,  86.png
#3AC240,  87.png
#97ABB8,  88.png
#DADADA,  89.png
#D8AE8A,  90.png
#DDBC9A,  91.png
#D4AB87,  92.png
#C4A65A,  93.png
#818181,  94.png
#212121,  95.png
#262626,  96.png
#F8BB21,  97.png
#4AC262,  98.png
#FAA858,  99.png
#BAD5F2, 100.png
#47C060, 101.png
#D82E1D, 102.png
#55C85A, 103.png
#D92F1F, 104.png
#C9C9C9, 105.png
#C9C9C9, 106.png
#DA2E1C, 107.png
#D64E3E, 108.png
#262626, 109.png
#272727, 110.png
#262626, 111.png
#93ACC4, 112.png
#2A2A2A, 113.png
#3998E0, 114.png
#8BA4BB, 115.png
#8AA4BB, 116.png
#93ACC4, 117.png
#93ACC4, 118.png
#93ACC4, 119.png
#373737, 120.png
#E3E3E3, 121.png
#F1D68A, 122.png
#D72E1D, 123.png
#272727, 124.png
#E7B322, 125.png
#E96856, 126.png
#EA6C5A, 127.png
#90A7B8, 128.png
#CFAE98, 129.png
#BAB3AF, 130.png
#DA584A, 131.png
#DB6052, 132.png
#DA5B4D, 133.png
#408BE7, 134.png
#DE7266, 135.png
#D65B51, 136.png
#8CA6C0, 137.png
#90A8BE, 138.png
#B688CF, 139.png
#93ACC4, 140.png
#8FA8C1, 141.png
#8FA9C2, 142.png
#D6594F, 143.png
#91A9BF, 144.png
#FAA751, 145.png
#EA471C, 146.png
#A15618, 147.png
#EA8E33, 148.png
#AF81A7, 149.png
#B28199, 150.png
#A3A679, 151.png
#E4C5C2, 152.png
#C1B9BE, 153.png
#AC84B0, 154.png
#BC8797, 155.png
#8EA8C1, 156.png
#408AE6, 157.png
#FAAC64, 158.png
#52C468, 159.png
#E17061, 160.png
#7863C8, 161.png
#E16554, 162.png
#EA7463, 163.png
#FAA95E, 164.png
#FAA858, 165.png
#FAAA5D, 166.png
#E875A4, 167.png
#FAAB62, 168.png
#DE0000, 169.png
#DD9F56, 170.png
#1D6AE6, 171.png
#BED0D5, 172.png
#D44768, 173.png
#345974, 174.png
#A88B83, 175.png
#E09952, 176.png
#935C33, 177.png
#CC893D, 178.png
#80AFB3, 179.png
#634176, 180.png
#5B6D88, 181.png
#B56E4A, 182.png
#556187, 183.png
#62A57B, 184.png
#429999, 185.png
#4A9D94, 186.png
#61829F, 187.png
#4D505E, 188.png
#747166, 189.png
#A0986D, 190.png
#D1C47D, 191.png
#F4E48A, 192.png
#D2C885, 193.png
#A29D7D, 194.png
#6E6E68, 195.png
#F6D65D, 196.png
#676A7A, 197.png
#EAD266, 198.png
#EAD266, 199.png
#EED764, 200.png
#EEB031, 201.png
#F4D577, 202.png
#587E8A, 203.png
#925031, 204.png
#3DA421, 205.png
#6A7A12, 206.png
#758818, 207.png
#497E2E, 208.png
#509336, 209.png
#83636D, 210.png
#D89DAC, 211.png
#A6411B, 212.png
#D86271, 213.png
#AE8C1C, 214.png
#D1A729, 215.png
#B3B063, 216.png
#778F35, 217.png
#678D42, 218.png
#4BB733, 219.png
#DC6945, 220.png
#C1801F, 221.png
#72A430, 222.png
#C9765C, 223.png
#CF693B, 224.png
#886187, 225.png
#C24FB7, 226.png
#BDB87D, 227.png
#D97E78, 228.png
#DF8F39, 229.png
#DFCC39, 230.png
#C6AF5F, 231.png
#848019, 232.png
#C54C40, 233.png
#83A345, 234.png
#C1CA54, 235.png
#D1795F, 236.png
#993D39, 237.png
#B35339, 238.png
#BC7D3C, 239.png
#C47B43, 240.png
#C07D47, 241.png
#AC7652, 242.png
#955D24, 243.png
#A4A59A, 244.png
#CDCDCD, 245.png
#B59E8D, 246.png
#B4A081, 247.png
#C79F72, 248.png
#D2AF75, 249.png
#D68436, 250.png
#9D7255, 251.png
#BAAB97, 252.png
#927A61, 253.png
#C05041, 254.png
#D48753, 255.png
#EDD8E3, 256.png
#DCC283, 257.png
#CA9DA6, 258.png
#CCC3B6, 259.png
#663B17, 260.png
#B48D5C, 261.png
#A36556, 262.png
#98AAAD, 263.png
#A18866, 264.png
#B7996A, 265.png
#DA9F32, 266.png
#D5B5A2, 267.png
#937164, 268.png
#BAB9AD, 269.png
#67624F, 270.png
#A2A5AB, 271.png
#B1AF96, 272.png
#C8B47C, 273.png
#96575E, 274.png
#C2C3B0, 275.png
#C39657, 276.png
#D1AB74, 277.png
#D5AD6D, 278.png
#D3DED5, 279.png
#D05196, 280.png
#C67E40, 281.png
#D3C7C2, 282.png
#CE811B, 283.png
#778B25, 284.png
#BA8375, 285.png
#658788, 286.png
#5B7989, 287.png
#D2404D, 288.png
#A77154, 289.png
#9E7B61, 290.png
#7B5627, 291.png
#CAB7B4, 292.png
#81936E, 293.png
#7C5151, 294.png
#928690, 295.png
#9BBACD, 296.png
#7C9299, 297.png
#9B2836, 298.png
#453F39, 299.png
#93A1B3, 300.png
#9BA6C4, 301.png
#B3ACB2, 302.png
#778394, 303.png
#454646, 304.png
#2B2B2C, 305.png
#9DB3C8, 306.png
#868686, 307.png
#BA935A, 308.png
#534F3C, 309.png
#C68881, 310.png
#B1AC6A, 311.png
#6F7E78, 312.png
#9A8069, 313.png
#434343, 314.png
#C8767B, 315.png
#6E5C5E, 316.png
#4D4D4D, 317.png
#C6C4C4, 318.png
#706C6C, 319.png
#80124D, 320.png
#8280CD, 321.png
#191919, 322.png
#B7923A, 323.png
#AE682F, 324.png
#919193, 325.png
#AF9234, 326.png
#A0603A, 327.png
#1C1C1C, 328.png
#5ABCE9, 329.png
#A9CE47, 330.png
#1FCFAA, 331.png
#A3511F, 332.png
#7A7A7A, 333.png
#C2BBAE, 334.png
#5A4C5C, 335.png
#528F7B, 336.png
#A58144, 337.png
#5E573F, 338.png
#885C59, 339.png
#C48636, 340.png
#4EB0AE, 341.png
#ABA68F, 342.png
#838C5C, 343.png
#A0ABB5, 344.png
#AFA494, 345.png
#A1968B, 346.png
#AA9E9E, 347.png
#7C959A, 348.png
#538DB8, 349.png
#9C8682, 350.png
#A87C96, 351.png
#627E8B, 352.png
#B2B06E, 353.png
#939BA5, 354.png
#B1A5A5, 355.png
#B04F2F, 356.png
#9FB8B4, 357.png
#AE9491, 358.png
#9B918D, 359.png
#E7DFDE, 360.png
#B77F45, 361.png
#534A4B, 362.png
#908986, 363.png
#B27D3B, 364.png
#B39160, 365.png
#E6E0DF, 366.png
#D8BCA2, 367.png
#4C8657, 368.png
#65895F, 369.png
#8C9FB6, 370.png
#A0794A, 371.png
#01893D, 372.png
#57531B, 373.png
#DBD5B9, 374.png
#DFDECD, 375.png
#C8B99B, 376.png
#816A45, 377.png
#DECDC7, 378.png
#D1B5A3, 379.png
#D4AE73, 380.png
#E1B898, 381.png
#635345, 382.png
#A19498, 383.png
#9F5056, 384.png
#C4B6B4, 385.png
#7F812A, 386.png
#2C2C2A, 387.png
#948753, 388.png
#824325, 389.png
#789BBC, 390.png
#96B773, 391.png
#988266, 392.png
#518742, 393.png
#BEAC72, 394.png
#E4BC43, 395.png
#BE982B, 396.png
#899591, 397.png
#76786D, 398.png
#928481, 399.png
#9E968F, 400.png
#CBA064, 401.png
#B6935F, 402.png
#19929B, 403.png
#B8ABAF, 404.png
#B09C8E, 405.png
#BD9B3A, 406.png
#9F9496, 407.png
#D7B349, 408.png
#518652, 409.png
#428CAE, 410.png
#7C6B42, 411.png
#9F8660, 412.png
#B5A593, 413.png
#D6A1AB, 414.png
#17843C, 415.png
#D0A38F, 416.png
#917B40, 417.png
#A6813D, 418.png
#999898, 419.png
#C1798B, 420.png
#C72327, 421.png
#AEADA8, 422.png
#DDB593, 423.png
#DFB894, 424.png
#A8455A, 425.png
#BA7888, 426.png
#DABA99, 427.png
#DABA99, 428.png
#D9B998, 429.png
#D9B998, 430.png
#D9B391, 431.png
#D5B797, 432.png
#D5AF8D, 433.png
#D9B18E, 434.png
#DBB492, 435.png
#DAB38E, 436.png
#DABA99, 437.png
#D0A648, 438.png
#8E9352, 439.png
#6B7278, 440.png
#7E98AE, 441.png
#6C85A7, 442.png
#3D4A86, 443.png
#0F9E91, 444.png
#C2812A, 445.png
#DA4B90, 446.png
#A66A8F, 447.png
#D37CA1, 448.png
#8D6746, 449.png
#DBB073, 450.png
#573B32, 451.png
#B6B5B5, 452.png
#A8372C, 453.png
#C3AE86, 454.png
#967943, 455.png
#B11B1F, 456.png
#596F89, 457.png
#4E637C, 458.png
#916F5A, 459.png
#84624F, 460.png
#897461, 461.png
#9F6851, 462.png
#87605D, 463.png
#865A5B, 464.png
#7E695E, 465.png
#B87271, 466.png
#7A8080, 467.png
#907451, 468.png
#A38579, 469.png
#BFA070, 470.png
#947A57, 471.png
#AE8B7A, 472.png
#C8A78C, 473.png
#AF9A8B, 474.png
#CBA78A, 475.png
#B8AF46, 476.png
#BA995E, 477.png
#91402F, 478.png
#AC4738, 479.png
#B5ADAF, 480.png
#A5A193, 481.png
#7E8C8C, 482.png
#725D8D, 483.png
#8E529D, 484.png
#8F8F8F, 485.png
#A46962, 486.png
#4E453A, 487.png
#A92C1F, 488.png
#D6826B, 489.png
#D5989F, 490.png
#AC7569, 491.png
#9A6359, 492.png
#A187A4, 493.png
#A96B67, 494.png
#CF8934, 495.png
#D21541, 496.png
#DFB2AA, 497.png
#7F979A, 498.png
#96D2F4, 499.png
#A8696D, 500.png
#9F7E60, 501.png
#B36A83, 502.png
#A47D84, 503.png
#E95EA8, 504.png
#CD4231, 505.png
#EC61B1, 506.png
#EF6598, 507.png
#E25BA8, 508.png
#C06AC0, 509.png
#3C8FEF, 510.png
#69D255, 511.png
#F8D561, 512.png
#BF6EEF, 513.png
#DA7F7C, 514.png
#EA60AD, 515.png
#E68AD6, 516.png
#76BBD7, 517.png
#DFD6BB, 518.png
#CF2E1E, 519.png
#5F6068, 520.png
#01358F, 521.png
#F7854D, 522.png
#63BBEC, 523.png
#71C1EB, 524.png
#B9CAE5, 525.png
#8D6949, 526.png
#DFB691, 527.png
#DDC673, 528.png
#D7D7D7, 529.png
#EAEAEA, 530.png
#D12E1B, 531.png
#C50000, 532.png
#B69D57, 533.png
#2F2F2F, 534.png
#171717, 535.png
#B5AE93, 536.png
#AB9E87, 537.png
#AFA88F, 538.png
#B4BBA4, 539.png
#B7ACAB, 540.png
#C3BFA3, 541.png
#3CBF56, 542.png
#717B9A, 543.png
#78A5CF, 544.png
#6E5C59, 545.png
#9E9A87, 546.png
#93979C, 547.png
#D8D9D4, 548.png
#E2D5AB, 549.png
#B1B9C1, 550.png
#A5AEB6, 551.png
#D9D9D9, 552.png
#DFDFDF, 553.png
#C1A0A0, 554.png
#A38686, 555.png
#AFAFAE, 556.png
#DCD4D5, 557.png
#D2D7E3, 558.png
#BFC5C9, 559.png
#D6C8B8, 560.png
#A42D21, 561.png
#BB423E, 562.png
#939393, 563.png
#8491A8, 564.png
#909AB0, 565.png
#DADDE0, 566.png
#D7BE32, 567.png
#7D7D7C, 568.png
#D1B375, 569.png
#A73736, 570.png
#A3ACB8, 571.png
#779B41, 572.png
#3B76A1, 573.png
#CE802C, 574.png
#808464, 575.png
#CF6E61, 576.png
#D5BC9E, 577.png
#D6CEBB, 578.png
#4E4E4E, 579.png
#6F726D, 580.png
#C9C4B2, 581.png
#8F8F87, 582.png
#B3944B, 583.png
#B08C3E, 584.png
#BBB9C8, 585.png
#BBBAC9, 586.png
#A68259, 587.png
#BAC2DB, 588.png
#DBD5D4, 589.png
#DDCDC9, 590.png
#618EB6, 591.png
#5A84AC, 592.png
#798191, 593.png
#76808E, 594.png
#B84F3F, 595.png
#B3894E, 596.png
#B8B8B7, 597.png
#484B4B, 598.png
#42505A, 599.png
#FAA95C, 600.png
#FAAE61, 601.png
#84412F, 602.png
#95AEC5, 603.png
#999FA7, 604.png
#8D929C, 605.png
#685843, 606.png
#9B8559, 607.png
#585A5F, 608.png
#92ACC4, 609.png
#95AEC6, 610.png
#96AFC6, 611.png
#232323, 612.png
#95AEC6, 613.png
#EEC04B, 614.png
#F1C450, 615.png
#966E68, 616.png
#838383, 617.png
#818182, 618.png
#7D7D7E, 619.png
#7BB982, 620.png
#33312C, 621.png
#838383, 622.png
#838383, 623.png
#ADA28F, 624.png
#C9A46D, 625.png
#C98E3C, 626.png
#DAC294, 627.png
#DCC495, 628.png
#C6A270, 629.png
#C78256, 630.png
#D2BBB6, 631.png
#848484, 632.png
#929292, 633.png
#292929, 634.png
#292929, 635.png
#2A2A2A, 636.png
#292929, 637.png
#282828, 638.png
#AF6958, 639.png
#98AEC2, 640.png
#93AAC0, 641.png
#8CA5BC, 642.png
#8CA5BC, 643.png
#93AAC0, 644.png
#8BA4BC, 645.png
#F2B73A, 646.png
#828890, 647.png
#B2B3B7, 648.png
#846654, 649.png
#7B7B7B, 650.png
#A7A7A7, 651.png
#4E5056, 652.png
#A0A1A1, 653.png
#ACACAD, 654.png
#8A6889, 655.png
#B475C8, 656.png
#5F9158, 657.png
#DECA4F, 658.png
#707070, 659.png
#919191, 660.png
#F14D3F, 661.png
#4B92EB, 662.png
#F5A950, 663.png
#4D87F2, 664.png
#EFA44E, 665.png
#4B83EB, 666.png
#D24543, 667.png
#C83B3B, 668.png
#94ABC1, 669.png
#92A9BF, 670.png
#D4D4D4, 671.png
#D4D4D4, 672.png
#D4D4D4, 673.png
#D4D4D4, 674.png
#D4D4D4, 675.png
#D4D4D4, 676.png
#D4D4D4, 677.png
#D4D4D4, 678.png
#D4D4D4, 679.png
#D4D4D4, 680.png
#D4D4D4, 681.png
#D6D6D6, 682.png
#D4D4D4, 683.png
#D4D4D4, 684.png
#D4D4D4, 685.png
#D4D4D4, 686.png
#D5D5D5, 687.png
#D6D6D6, 688.png
#D5D5D5, 689.png
#D4D4D4, 690.png
#D4D4D4, 691.png
#D4D4D4, 692.png
#D4D4D4, 693.png
#D4D4D4, 694.png
#95A8B5, 695.png
#C0BFC6, 696.png
#76A8B5, 697.png
#6796C8, 698.png
#868686, 699.png
#E6B64C, 700.png
#E6BB5B, 701.png
#D0B465, 702.png
#E2B248, 703.png
#E4B44B, 704.png
#D3AD53, 705.png
#DFAF49, 706.png
#D1B554, 707.png
#884898, 708.png
#F0C043, 709.png
#F1BB41, 710.png
#EDBA49, 711.png
#EFC042, 712.png
#ECA93B, 713.png
#C09B3D, 714.png
#F0C043, 715.png
#EFBF43, 716.png
#F2C245, 717.png
#F0C143, 718.png
#E0C156, 719.png
#F0C144, 720.png
#F4C444, 721.png
#E9B841, 722.png
#F5C344, 723.png
#ECB640, 724.png
#F3C143, 725.png
#F1BA41, 726.png
#EFB54E, 727.png
#E7B45C, 728.png
#ECB24D, 729.png
#F4C445, 730.png
#EFBE42, 731.png
#F0BF44, 732.png
#DF6C27, 733.png
#E5BE51, 734.png
#EEBE42, 735.png
#EAC45D, 736.png
#E7C04F, 737.png
#F1C044, 738.png
#EDBC41, 739.png
#C4B079, 740.png
#E2B141, 741.png
#E3BA50, 742.png
#E2B041, 743.png
#E8BD5B, 744.png
#D4B460, 745.png
#F1C043, 746.png
#F1C042, 747.png
#BBB086, 748.png
#C1AC7E, 749.png
#E7B842, 750.png
#E4B85F, 751.png
#E4B946, 752.png
#E5B33D, 753.png
#F5C444, 754.png
#EBBD78, 755.png
#C1A03F, 756.png
#B0A059, 757.png
#C4A240, 758.png
#C99636, 759.png
#D1AB3C, 760.png
#D5A73A, 761.png
#D6AF3E, 762.png
#C6AA4A, 763.png
#C6A74B, 764.png
#AE6D73, 765.png
#C4808C, 766.png
#52656E, 767.png
#9E8259, 768.png
#9E8458, 769.png
#9F8459, 770.png
#B27673, 771.png
#CAB79B, 772.png
#AD6F6A, 773.png
#A36961, 774.png
#A99C8F, 775.png
#A5766B, 776.png
#7D676E, 777.png
#765142, 778.png
#949C8A, 779.png
#919BAB, 780.png
#99A1C4, 781.png
#A2A7AA, 782.png
#5D6969, 783.png
#6A7C99, 784.png
#5E625E, 785.png
#57605F, 786.png
#909585, 787.png
#B2996F, 788.png
#99A798, 789.png
#7C92B2, 790.png
#9C9BA9, 791.png
#8E9197, 792.png
#AC8F8C, 793.png
#B16C62, 794.png
#8A8889, 795.png
#9DA5A9, 796.png
#BC9E4A, 797.png
#A3A56D, 798.png
#A64A43, 799.png
#4D8DC1, 800.png
#3C7199, 801.png
#B5903F, 802.png
#316853, 803.png
#9F8F5B, 804.png
#8791B0, 805.png
#8B988F, 806.png
#8D8C72, 807.png
#786971, 808.png
#706C4D, 809.png
#8E949E, 810.png
#67838D, 811.png
#BF9332, 812.png
#706B60, 813.png
#686358, 814.png
#867C3E, 815.png
#D96B6B, 816.png
#D76747, 817.png
#B68347, 818.png
#D32D1D, 819.png
#A69888, 820.png
#4E92E8, 821.png
#8AA4BE, 822.png
#874634, 823.png
#3F87E4, 824.png
#844230, 825.png
#3C5168, 826.png
#7D3C2A, 827.png
#6D8463, 828.png
#A48461, 829.png
#544E60, 830.png
#854432, 831.png
#AC990E, 832.png
#3886E6, 833.png
#E372CE, 834.png
#97AFC6, 835.png
#FAAC5E, 836.png
#B3B3B3, 837.png
#4C92E8, 838.png
#89C1C5, 839.png
#A19E9B, 840.png
#9D9D9C, 841.png
#4389E4, 842.png
#478CE4, 843.png
#5D99E7, 844.png
#4D8EE5, 845.png
